{"sim_id":"SXS:BBH:4261","mass_ratio":15.003058,"mass1":0.937647,"mass2":0.062497,"chi_eff":0.468619,"spin1":[-0.0,-0.0,0.499849],"spin2":[0.0,-0.0,7.8e-05],"eccentricity":0.000287,"num_orbits":47.277962,"initial_ADM_energy":0.997974,"initial_ADM_angular_momentum":[-0.0,0.0,0.676794],"remnant_mass":0.99237,"remnant_dimensionless_spin":[-0.0,-0.0,0.600713],"remnant_velocity":[4e-05,8e-06,0.0],"initial_separation":12.592041,"initial_orbital_frequency":0.019935,"common_horizon_time":10910.919119}