{"sim_id":"SXS:BBH:4048","mass_ratio":0.9999,"mass1":0.500026,"mass2":0.500076,"chi_eff":-0.001158,"spin1":[-0.747218,0.584895,0.042443],"spin2":[0.928834,0.196234,-0.025901],"eccentricity":0.0002,"num_orbits":29.651034,"initial_ADM_energy":0.994052,"initial_ADM_angular_momentum":[0.127,0.140289,1.202869],"remnant_mass":0.948445,"remnant_dimensionless_spin":[0.056878,0.085275,0.695006],"remnant_velocity":[0.000767,0.001339,0.001501],"initial_separation":18.758667,"initial_orbital_frequency":0.011128,"common_horizon_time":11072.511109}