{"sim_id":"SXS:BBH:2620","mass_ratio":1.513008,"mass1":0.602075,"mass2":0.397932,"chi_eff":0.0011,"spin1":[-0.389487,0.23959,0.168929],"spin2":[0.349276,-0.138861,-0.253277],"eccentricity":3.2e-05,"num_orbits":140.366565,"initial_ADM_energy":0.996589,"initial_ADM_angular_momentum":[-0.083608,0.069125,1.488329],"remnant_mass":0.953344,"remnant_dimensionless_spin":[-0.051134,0.031819,0.690313],"remnant_velocity":[-0.000255,0.000686,0.004243],"initial_separation":33.31781,"initial_orbital_frequency":0.004954,"common_horizon_time":112609.375756}