{"sim_id":"SXS:BBH:2617","mass_ratio":1.633002,"mass1":0.620193,"mass2":0.379787,"chi_eff":-0.129247,"spin1":[-0.291372,0.200967,-0.30402],"spin2":[-0.012514,0.418742,0.155798],"eccentricity":0.00018,"num_orbits":140.157014,"initial_ADM_energy":0.996651,"initial_ADM_angular_momentum":[-0.107157,0.144137,1.351396],"remnant_mass":0.959795,"remnant_dimensionless_spin":[-0.054641,0.045228,0.599012],"remnant_velocity":[-0.000223,5.6e-05,-0.002131],"initial_separation":33.330627,"initial_orbital_frequency":0.004981,"common_horizon_time":113128.131105}