{"sim_id":"SXS:BBH:1414","mass_ratio":1.829973,"mass1":0.646625,"mass2":0.353352,"chi_eff":-0.181986,"spin1":[-0.0,-0.0,-0.500022],"spin2":[-0.0,-0.0,0.400009],"eccentricity":4.9e-05,"num_orbits":142.620825,"initial_ADM_energy":0.996756,"initial_ADM_angular_momentum":[-0.0,0.0,1.244666],"remnant_mass":0.964756,"remnant_dimensionless_spin":[0.0,-0.0,0.51583],"remnant_velocity":[0.000985,-0.000323,-0.0],"initial_separation":33.331787,"initial_orbital_frequency":0.004946,"common_horizon_time":115625.013856}