{"sim_id":"SXS:BBH:1410","mass_ratio":4.000014,"mass1":0.800051,"mass2":0.200012,"chi_eff":0.253206,"spin1":[0.280346,-0.283169,0.245278],"spin2":[-0.343917,-0.117282,0.28965],"eccentricity":7.9e-05,"num_orbits":75.602466,"initial_ADM_energy":0.99666,"initial_ADM_angular_momentum":[0.133994,-0.199538,0.986496],"remnant_mass":0.97288,"remnant_dimensionless_spin":[0.073851,-0.114473,0.636074],"remnant_velocity":[0.000105,0.000261,-0.001041],"initial_separation":22.161743,"initial_orbital_frequency":0.008906,"common_horizon_time":34759.579256}