{"sim_id":"SXS:BBH:4264","mass_ratio":15.00139,"mass1":0.937554,"mass2":0.062498,"chi_eff":0.354671,"spin1":[-0.166073,-0.266833,0.388776],"spin2":[-9e-06,3e-06,5.3e-05],"eccentricity":0.000437,"num_orbits":45.735395,"initial_ADM_energy":0.998006,"initial_ADM_angular_momentum":[-0.200485,-0.202612,0.573221],"remnant_mass":0.992942,"remnant_dimensionless_spin":[-0.183747,-0.18319,0.515443],"remnant_velocity":[-0.000153,-4.3e-05,0.00019],"initial_separation":12.745605,"initial_orbital_frequency":0.019638,"common_horizon_time":10840.359608}