{"sim_id":"SXS:BBH:2628","mass_ratio":7.99976,"mass1":0.888846,"mass2":0.111109,"chi_eff":-0.000492,"spin1":[0.375603,-0.330061,0.003464],"spin2":[0.0,-0.0,-2.4e-05],"eccentricity":0.000132,"num_orbits":77.724018,"initial_ADM_energy":0.997672,"initial_ADM_angular_momentum":[0.269002,-0.286382,0.481922],"remnant_mass":0.988801,"remnant_dimensionless_spin":[0.209044,-0.244029,0.381489],"remnant_velocity":[-0.000319,3.1e-05,1.2e-05],"initial_separation":19.253845,"initial_orbital_frequency":0.011028,"common_horizon_time":30242.643141}