{"sim_id":"SXS:BBH:0178","mass_ratio":1.0,"mass1":0.500112,"mass2":0.500112,"chi_eff":0.994242,"spin1":[0.0,0.0,0.994242],"spin2":[-0.0,-0.0,0.994242],"eccentricity":0.000926,"num_orbits":22.987418,"initial_ADM_energy":0.992793,"initial_ADM_angular_momentum":[0.000115,0.000657,1.566393],"remnant_mass":0.886689,"remnant_dimensionless_spin":[0.0,-0.0,0.949931],"remnant_velocity":[0.0,-0.0,0.0],"initial_separation":15.366,"initial_orbital_frequency":0.013513,"common_horizon_time":6439.509824}