{"sim_id":"SXS:BBH:4072","mass_ratio":1.0,"mass1":0.500073,"mass2":0.500073,"chi_eff":-0.949659,"spin1":[2e-06,-2e-06,-0.949659],"spin2":[2e-06,-2e-06,-0.949659],"eccentricity":0.000236,"num_orbits":25.884414,"initial_ADM_energy":0.994491,"initial_ADM_angular_momentum":[1e-06,-1e-06,0.786526],"remnant_mass":0.968447,"remnant_dimensionless_spin":[1e-06,-0.0,0.375467],"remnant_velocity":[-0.0,-0.0,0.0],"initial_separation":19.752625,"initial_orbital_frequency":0.010161,"common_horizon_time":10718.701703}