{"sim_id":"SXS:BBH:1417","mass_ratio":3.999704,"mass1":0.799952,"mass2":0.200003,"chi_eff":0.420047,"spin1":[-0.0,0.0,0.400066],"spin2":[-0.0,-0.0,0.499963],"eccentricity":1.4e-05,"num_orbits":78.919907,"initial_ADM_energy":0.996647,"initial_ADM_angular_momentum":[0.0,0.0,1.091252],"remnant_mass":0.969845,"remnant_dimensionless_spin":[-0.0,0.0,0.687781],"remnant_velocity":[-0.000186,-0.000238,0.0],"initial_separation":22.134399,"initial_orbital_frequency":0.008878,"common_horizon_time":35640.279742}