{"sim_id":"SXS:BBH:1968","mass_ratio":3.999044,"mass1":0.799928,"mass2":0.20003,"chi_eff":0.628465,"spin1":[-0.463765,0.108776,0.642874],"spin2":[0.133403,0.160406,0.771975],"eccentricity":5.9e-05,"num_orbits":19.911128,"initial_ADM_energy":0.994654,"initial_ADM_angular_momentum":[-0.214959,0.270233,1.058217],"remnant_mass":0.9602,"remnant_dimensionless_spin":[-0.15694,0.203231,0.809965],"remnant_velocity":[0.000468,-0.000311,-0.001342],"initial_separation":13.117554,"initial_orbital_frequency":0.018147,"common_horizon_time":5081.348753}