{"sim_id":"SXS:BBH:2621","mass_ratio":1.786987,"mass1":0.641182,"mass2":0.358806,"chi_eff":0.039357,"spin1":[-0.361052,-0.337144,-0.002001],"spin2":[-0.260261,-0.39429,0.113736],"eccentricity":0.000222,"num_orbits":146.549884,"initial_ADM_energy":0.996723,"initial_ADM_angular_momentum":[-0.18938,-0.178105,1.422207],"remnant_mass":0.956979,"remnant_dimensionless_spin":[-0.105041,-0.070275,0.675608],"remnant_velocity":[0.000125,-0.000419,-0.001642],"initial_separation":33.304932,"initial_orbital_frequency":0.004974,"common_horizon_time":117591.677729}