{"sim_id":"SXS:BBH:3407","mass_ratio":1.888352,"mass1":0.653808,"mass2":0.346232,"chi_eff":-0.054743,"spin1":[0.661354,-0.083131,-0.291678],"spin2":[0.095861,0.075943,0.557352],"eccentricity":0.00031,"num_orbits":25.617662,"initial_ADM_energy":0.994317,"initial_ADM_angular_momentum":[0.151051,-0.249974,0.982336],"remnant_mass":0.960412,"remnant_dimensionless_spin":[0.085966,-0.118302,0.595705],"remnant_velocity":[0.001023,-0.001108,0.004968],"initial_separation":17.928589,"initial_orbital_frequency":0.012103,"common_horizon_time":9966.07488}