{"sim_id":"SXS:BBH:2931","mass_ratio":6.528849,"mass1":0.867238,"mass2":0.132832,"chi_eff":-0.275539,"spin1":[0.011394,-0.02021,-0.210985],"spin2":[0.33514,0.21467,-0.68755],"eccentricity":0.000448,"num_orbits":29.592323,"initial_ADM_energy":0.996769,"initial_ADM_angular_momentum":[0.002983,-0.016116,0.351264],"remnant_mass":0.988594,"remnant_dimensionless_spin":[0.002721,-0.005456,0.206407],"remnant_velocity":[0.000266,-0.000255,-0.000124],"initial_separation":15.50177,"initial_orbital_frequency":0.014801,"common_horizon_time":9625.307176}