{"sim_id":"SXS:BBH:2881","mass_ratio":7.209289,"mass1":0.87808,"mass2":0.121798,"chi_eff":0.393858,"spin1":[0.243381,0.461939,0.482395],"spin2":[-0.594869,-0.506503,-0.068815],"eccentricity":0.000218,"num_orbits":36.422339,"initial_ADM_energy":0.996711,"initial_ADM_angular_momentum":[0.312466,0.294286,0.804057],"remnant_mass":0.981066,"remnant_dimensionless_spin":[0.264011,0.254988,0.66589],"remnant_velocity":[0.000764,0.000444,0.001189],"initial_separation":14.401306,"initial_orbital_frequency":0.016558,"common_horizon_time":10028.675795}