{"sim_id":"SXS:BBH:2544","mass_ratio":3.000323,"mass1":0.750023,"mass2":0.249981,"chi_eff":-0.0,"spin1":[-0.0,0.0,-1e-06],"spin2":[0.0,0.0,1e-06],"eccentricity":0.701951,"num_orbits":29.200983,"initial_ADM_energy":0.997291,"initial_ADM_angular_momentum":[0.0,-0.0,0.894148],"remnant_mass":0.971093,"remnant_dimensionless_spin":[0.0,-0.0,0.543932],"remnant_velocity":[0.000314,0.000513,0.0],"initial_separation":55.007038,"initial_orbital_frequency":0.001486,"common_horizon_time":14782.33683}