{"sim_id":"SXS:BBH:4265","mass_ratio":15.000818,"mass1":0.937531,"mass2":0.062499,"chi_eff":0.246133,"spin1":[-0.425199,-0.018814,0.262287],"spin2":[7e-06,9e-06,3.4e-05],"eccentricity":5.3e-05,"num_orbits":46.982858,"initial_ADM_energy":0.998037,"initial_ADM_angular_momentum":[-0.374722,0.007097,0.471926],"remnant_mass":0.993471,"remnant_dimensionless_spin":[-0.340148,0.009793,0.433769],"remnant_velocity":[-0.00013,3.8e-05,0.000229],"initial_separation":12.895752,"initial_orbital_frequency":0.019343,"common_horizon_time":10811.20835}