{"sim_id":"SXS:BBH:2631","mass_ratio":7.999809,"mass1":0.888848,"mass2":0.111109,"chi_eff":-0.00082,"spin1":[0.603714,-0.524882,0.009053],"spin2":[1e-06,-0.0,-2.1e-05],"eccentricity":6.9e-05,"num_orbits":78.167966,"initial_ADM_energy":0.99768,"initial_ADM_angular_momentum":[0.433084,-0.456064,0.483398],"remnant_mass":0.987689,"remnant_dimensionless_spin":[0.378393,-0.389268,0.441699],"remnant_velocity":[0.000723,-0.000444,0.000315],"initial_separation":19.236694,"initial_orbital_frequency":0.011023,"common_horizon_time":30284.773719}