{"sim_id":"SXS:BBH:3933","mass_ratio":1.999995,"mass1":0.666666,"mass2":0.333334,"chi_eff":-0.0,"spin1":[-0.0,-0.0,0.0],"spin2":[0.0,0.0,-0.0],"eccentricity":0.709067,"num_orbits":31.759602,"initial_ADM_energy":0.997048,"initial_ADM_angular_momentum":[-0.0,0.0,1.094484],"remnant_mass":0.961301,"remnant_dimensionless_spin":[-0.0,-0.0,0.62057],"remnant_velocity":[-0.000162,-0.000477,0.0],"initial_separation":60.007645,"initial_orbital_frequency":0.001303,"common_horizon_time":17938.587259}