{"sim_id":"SXS:BBH:2619","mass_ratio":1.831988,"mass1":0.646892,"mass2":0.353109,"chi_eff":-0.226932,"spin1":[-0.155417,0.287511,-0.332968],"spin2":[-0.313687,-0.307203,-0.033063],"eccentricity":6.3e-05,"num_orbits":142.792231,"initial_ADM_energy":0.996758,"initial_ADM_angular_momentum":[-0.102498,0.086868,1.261088],"remnant_mass":0.964038,"remnant_dimensionless_spin":[-0.053716,0.056736,0.545168],"remnant_velocity":[0.000747,-0.000111,-0.000985],"initial_separation":33.34198,"initial_orbital_frequency":0.004972,"common_horizon_time":115742.774476}