{"sim_id":"SXS:BBH:0177","mass_ratio":1.0,"mass1":0.500177,"mass2":0.500177,"chi_eff":0.989244,"spin1":[0.0,0.0,0.989244],"spin2":[-0.0,-0.0,0.989244],"eccentricity":0.001267,"num_orbits":22.876191,"initial_ADM_energy":0.992913,"initial_ADM_angular_momentum":[-0.00017,-0.001061,1.568833],"remnant_mass":0.887654,"remnant_dimensionless_spin":[0.0,-0.0,0.948927],"remnant_velocity":[0.0,0.0,0.0],"initial_separation":15.366,"initial_orbital_frequency":0.013597,"common_horizon_time":6409.001659}