{"sim_id":"SXS:BBH:0204","mass_ratio":7.001163,"mass1":0.875141,"mass2":0.124999,"chi_eff":0.349891,"spin1":[0.0,0.0,0.399868],"spin2":[0.0,-0.0,-1e-06],"eccentricity":2.6e-05,"num_orbits":87.876931,"initial_ADM_energy":0.997651,"initial_ADM_angular_momentum":[6e-06,4.5e-05,0.841502],"remnant_mass":0.983624,"remnant_dimensionless_spin":[0.0,-0.0,0.605614],"remnant_velocity":[0.000157,0.000211,0.0],"initial_separation":20.0,"initial_orbital_frequency":0.010446,"common_horizon_time":34708.52208}