{"sim_id":"SXS:BBH:3976","mass_ratio":1.0,"mass1":0.500105,"mass2":0.500105,"chi_eff":-0.949493,"spin1":[0.0,-0.0,-0.949492],"spin2":[-0.0,-0.0,-0.949493],"eccentricity":0.000321,"num_orbits":18.850795,"initial_ADM_energy":0.994236,"initial_ADM_angular_momentum":[-0.0,-0.0,0.758842],"remnant_mass":0.968509,"remnant_dimensionless_spin":[-0.0,0.0,0.375512],"remnant_velocity":[-0.0,-0.0,0.0],"initial_separation":18.540649,"initial_orbital_frequency":0.010989,"common_horizon_time":8132.713406}