{"sim_id":"SXS:BBH:3626","mass_ratio":1.0,"mass1":0.500127,"mass2":0.500127,"chi_eff":-0.949091,"spin1":[-8.4e-05,0.000159,-0.949091],"spin2":[-8.2e-05,0.000157,-0.949091],"eccentricity":0.000266,"num_orbits":10.330284,"initial_ADM_energy":0.993271,"initial_ADM_angular_momentum":[2.4e-05,5.4e-05,0.683675],"remnant_mass":0.968541,"remnant_dimensionless_spin":[2.1e-05,1.6e-05,0.37564],"remnant_velocity":[0.0,0.0,0.0],"initial_separation":15.366,"initial_orbital_frequency":0.014509,"common_horizon_time":3458.546934}