{"sim_id":"SXS:BBH:1727","mass_ratio":2.599525,"mass1":0.722295,"mass2":0.277856,"chi_eff":0.310161,"spin1":[0.05205,-0.248091,0.213288],"spin2":[0.332358,0.318335,0.627099],"eccentricity":0.000602,"num_orbits":16.915242,"initial_ADM_energy":0.993799,"initial_ADM_angular_momentum":[-0.074652,-0.160785,1.007082],"remnant_mass":0.961081,"remnant_dimensionless_spin":[-0.042367,-0.115698,0.676553],"remnant_velocity":[-0.000138,8.3e-05,-0.001913],"initial_separation":14.296265,"initial_orbital_frequency":0.016575,"common_horizon_time":5067.718096}