{"sim_id":"SXS:BBH:2526","mass_ratio":0.999996,"mass1":0.499999,"mass2":0.500001,"chi_eff":4e-06,"spin1":[0.0,-0.0,4e-06],"spin2":[-0.0,0.0,4e-06],"eccentricity":0.712486,"num_orbits":25.161203,"initial_ADM_energy":0.997033,"initial_ADM_angular_momentum":[0.0,-0.0,1.220677],"remnant_mass":0.950557,"remnant_dimensionless_spin":[0.0,0.0,0.688033],"remnant_velocity":[-0.0,0.0,0.0],"initial_separation":70.007546,"initial_orbital_frequency":0.000951,"common_horizon_time":15735.05247}