{"sim_id":"SXS:BBH:4035","mass_ratio":1.000013,"mass1":0.500047,"mass2":0.500041,"chi_eff":-0.000139,"spin1":[-0.051879,0.701377,0.638428],"spin2":[0.203542,-0.672405,-0.639195],"eccentricity":0.000267,"num_orbits":29.631184,"initial_ADM_energy":0.994046,"initial_ADM_angular_momentum":[0.038542,0.031728,1.202395],"remnant_mass":0.946845,"remnant_dimensionless_spin":[0.02011,0.019538,0.669326],"remnant_velocity":[-0.000913,-0.000436,-0.010099],"initial_separation":18.754578,"initial_orbital_frequency":0.011208,"common_horizon_time":11079.079706}