{"sim_id":"SXS:BBH:1215","mass_ratio":1.99998,"mass1":0.666752,"mass2":0.333379,"chi_eff":-0.008877,"spin1":[-0.500746,0.638488,0.252512],"spin2":[-0.739963,0.230416,0.348649],"eccentricity":0.000395,"num_orbits":15.272673,"initial_ADM_energy":0.993478,"initial_ADM_angular_momentum":[0.191384,0.39953,0.987109],"remnant_mass":0.953791,"remnant_dimensionless_spin":[0.096966,0.260177,0.684737],"remnant_velocity":[-0.000176,-0.002054,-0.003888],"initial_separation":14.934143,"initial_orbital_frequency":0.01588,"common_horizon_time":4997.565168}