{"sim_id":"SXS:BBH:3934","mass_ratio":1.99999,"mass1":0.666665,"mass2":0.333334,"chi_eff":-0.0,"spin1":[0.0,0.0,-0.0],"spin2":[0.0,0.0,-0.0],"eccentricity":0.709289,"num_orbits":31.786346,"initial_ADM_energy":0.997076,"initial_ADM_angular_momentum":[-0.0,0.0,1.095056],"remnant_mass":0.961461,"remnant_dimensionless_spin":[0.0,-0.0,0.62073],"remnant_velocity":[-6e-06,-0.000511,0.0],"initial_separation":60.722939,"initial_orbital_frequency":0.001274,"common_horizon_time":18094.897237}