{"sim_id":"SXS:BBH:1415","mass_ratio":1.500035,"mass1":0.600008,"mass2":0.399996,"chi_eff":0.499994,"spin1":[0.0,0.0,0.499986],"spin2":[0.0,-0.0,0.500005],"eccentricity":1.9e-05,"num_orbits":147.102841,"initial_ADM_energy":0.996563,"initial_ADM_angular_momentum":[-0.0,0.0,1.719603],"remnant_mass":0.937224,"remnant_dimensionless_spin":[0.0,0.0,0.821909],"remnant_velocity":[-0.000115,-3.4e-05,-0.0],"initial_separation":33.246887,"initial_orbital_frequency":0.004923,"common_horizon_time":116280.861919}