{"sim_id":"SXS:BBH:2244","mass_ratio":5.998593,"mass1":0.85719,"mass2":0.142899,"chi_eff":-0.601155,"spin1":[0.011893,0.020946,-0.799603],"spin2":[-0.33525,0.384721,0.615255],"eccentricity":0.00022,"num_orbits":13.55555,"initial_ADM_energy":0.996336,"initial_ADM_angular_momentum":[0.01279,-0.005772,-0.031474],"remnant_mass":0.989911,"remnant_dimensionless_spin":[0.014925,0.003551,-0.143121],"remnant_velocity":[0.000474,-0.000206,9.3e-05],"initial_separation":13.797607,"initial_orbital_frequency":0.0173,"common_horizon_time":4404.309309}