{"sim_id":"SXS:BBH:2635","mass_ratio":8.000001,"mass1":0.888855,"mass2":0.111107,"chi_eff":-0.501037,"spin1":[0.369377,-0.43846,-0.558026],"spin2":[1e-06,1e-06,-9e-06],"eccentricity":0.000281,"num_orbits":70.948525,"initial_ADM_energy":0.997772,"initial_ADM_angular_momentum":[0.256581,-0.366818,0.052062],"remnant_mass":0.991537,"remnant_dimensionless_spin":[0.29439,-0.350489,0.048484],"remnant_velocity":[-6.9e-05,-0.000343,0.000261],"initial_separation":19.808289,"initial_orbital_frequency":0.010629,"common_horizon_time":29577.051909}