{"sim_id":"SXS:BBH:4047","mass_ratio":0.999915,"mass1":0.50002,"mass2":0.500063,"chi_eff":0.001739,"spin1":[-0.598052,0.732887,0.086956],"spin2":[0.88843,0.334967,0.021685],"eccentricity":0.000207,"num_orbits":28.332779,"initial_ADM_energy":0.994035,"initial_ADM_angular_momentum":[0.253026,0.086871,1.202238],"remnant_mass":0.947031,"remnant_dimensionless_spin":[0.124833,0.063858,0.705044],"remnant_velocity":[0.003081,0.001151,0.008784],"initial_separation":18.759827,"initial_orbital_frequency":0.011287,"common_horizon_time":11116.822087}