{"sim_id":"SXS:BBH:1416","mass_ratio":1.779955,"mass1":0.640265,"mass2":0.359709,"chi_eff":-0.400016,"spin1":[0.0,-0.0,-0.400021],"spin2":[0.0,0.0,-0.400007],"eccentricity":6.1e-05,"num_orbits":138.652315,"initial_ADM_energy":0.996738,"initial_ADM_angular_momentum":[0.0,-0.0,1.203582],"remnant_mass":0.9665,"remnant_dimensionless_spin":[-0.0,0.0,0.495241],"remnant_velocity":[0.000266,-0.000601,0.0],"initial_separation":33.369507,"initial_orbital_frequency":0.004964,"common_horizon_time":113015.345335}