{"sim_id":"SXS:BBH:0324","mass_ratio":1.220007,"mass1":0.549545,"mass2":0.450444,"chi_eff":-0.016885,"spin1":[-0.0,-0.0,0.32994],"spin2":[-0.0,-0.0,-0.440015],"eccentricity":0.310265,"num_orbits":12.010048,"initial_ADM_energy":0.99268,"initial_ADM_angular_momentum":[0.0,-1e-06,1.070022],"remnant_mass":0.951676,"remnant_dimensionless_spin":[0.0,0.0,0.690269],"remnant_velocity":[-0.00045,-4.7e-05,-0.0],"initial_separation":17.699769,"initial_orbital_frequency":0.011218,"common_horizon_time":3120.468387}