{"sim_id":"SXS:BBH:3336","mass_ratio":2.690592,"mass1":0.729062,"mass2":0.270967,"chi_eff":0.047511,"spin1":[-0.041316,0.047486,-0.020464],"spin2":[-0.282722,0.147313,0.246834],"eccentricity":0.000612,"num_orbits":27.604646,"initial_ADM_energy":0.994843,"initial_ADM_angular_momentum":[0.009488,0.055187,0.924451],"remnant_mass":0.968151,"remnant_dimensionless_spin":[0.00085,0.032029,0.565827],"remnant_velocity":[0.00061,-0.000142,0.000403],"initial_separation":17.255676,"initial_orbital_frequency":0.012914,"common_horizon_time":9997.769141}