{"sim_id":"SXS:BBH:2633","mass_ratio":8.000128,"mass1":0.888915,"mass2":0.111113,"chi_eff":0.506389,"spin1":[0.467844,-0.304562,0.57296],"spin2":[0.000116,4.8e-05,8.4e-05],"eccentricity":0.000182,"num_orbits":85.272847,"initial_ADM_energy":0.997586,"initial_ADM_angular_momentum":[0.347342,-0.273969,0.917463],"remnant_mass":0.980096,"remnant_dimensionless_spin":[0.277843,-0.221111,0.74733],"remnant_velocity":[-0.000329,0.000298,-0.0016],"initial_separation":18.682373,"initial_orbital_frequency":0.011409,"common_horizon_time":30526.355579}