{"sim_id":"SXS:BBH:0811","mass_ratio":0.999953,"mass1":0.500019,"mass2":0.500042,"chi_eff":0.404958,"spin1":[-0.739119,-0.275715,0.132327],"spin2":[0.109782,0.075886,0.788742],"eccentricity":0.000653,"num_orbits":16.086759,"initial_ADM_energy":0.99256,"initial_ADM_angular_momentum":[-0.078545,0.179666,1.286976],"remnant_mass":0.932792,"remnant_dimensionless_spin":[-0.057105,0.118267,0.8046],"remnant_velocity":[-0.000332,0.000773,0.005902],"initial_separation":14.973816,"initial_orbital_frequency":0.015439,"common_horizon_time":5102.852448}