{"sim_id":"SXS:BBH:0501","mass_ratio":1.749614,"mass1":0.636349,"mass2":0.363708,"chi_eff":0.672761,"spin1":[-0.0,0.0,0.600185],"spin2":[-0.0,0.0,0.799741],"eccentricity":0.000541,"num_orbits":17.784437,"initial_ADM_energy":0.992823,"initial_ADM_angular_momentum":[1e-06,0.0,1.32815],"remnant_mass":0.932327,"remnant_dimensionless_spin":[-0.0,0.0,0.856798],"remnant_velocity":[-3.8e-05,0.000112,-0.0],"initial_separation":14.410583,"initial_orbital_frequency":0.016036,"common_horizon_time":5099.71908}