{"sim_id":"SXS:BBH:2710","mass_ratio":7.998261,"mass1":0.888908,"mass2":0.111138,"chi_eff":-0.064987,"spin1":[-2e-06,-4e-06,-2.3e-05],"spin2":[-0.270757,-0.485104,-0.574625],"eccentricity":0.000464,"num_orbits":32.601157,"initial_ADM_energy":0.997077,"initial_ADM_angular_momentum":[-0.003193,0.002378,0.428328],"remnant_mass":0.989654,"remnant_dimensionless_spin":[-0.002085,0.001792,0.303542],"remnant_velocity":[0.000256,-1.6e-05,-4.3e-05],"initial_separation":14.700378,"initial_orbital_frequency":0.015955,"common_horizon_time":9743.944803}