{"sim_id":"SXS:BBH:0528","mass_ratio":1.179645,"mass1":0.541223,"mass2":0.458801,"chi_eff":-0.002264,"spin1":[-0.012278,0.009438,-0.479384],"spin2":[0.001712,-0.000932,0.560622],"eccentricity":0.000319,"num_orbits":14.587624,"initial_ADM_energy":0.992848,"initial_ADM_angular_momentum":[0.001958,0.003215,1.085205],"remnant_mass":0.953056,"remnant_dimensionless_spin":[0.000924,0.001945,0.662122],"remnant_velocity":[-0.000896,-8.6e-05,0.000109],"initial_separation":15.40918,"initial_orbital_frequency":0.01506,"common_horizon_time":5054.635748}