{"sim_id":"SXS:BBH:2626","mass_ratio":3.999816,"mass1":0.79996,"mass2":0.199999,"chi_eff":0.167258,"spin1":[-0.368149,0.255077,0.21568],"spin2":[-0.397204,0.292422,-0.01548],"eccentricity":0.000126,"num_orbits":74.544068,"initial_ADM_energy":0.996665,"initial_ADM_angular_momentum":[-0.215441,0.2173,0.955895],"remnant_mass":0.973396,"remnant_dimensionless_spin":[-0.124276,0.130173,0.62475],"remnant_velocity":[-0.00014,0.000177,0.001561],"initial_separation":22.175964,"initial_orbital_frequency":0.008984,"common_horizon_time":34406.871219}