{"sim_id":"SXS:BBH:2527","mass_ratio":1.0,"mass1":0.499963,"mass2":0.499963,"chi_eff":-0.0,"spin1":[-0.0,-0.0,-0.0],"spin2":[0.0,0.0,-0.0],"eccentricity":0.798873,"num_orbits":19.862971,"initial_ADM_energy":0.998245,"initial_ADM_angular_momentum":[-1.8e-05,9.3e-05,1.190515],"remnant_mass":0.951178,"remnant_dimensionless_spin":[-1e-06,-0.0,0.69207],"remnant_velocity":[-1.8e-05,2e-06,-6e-06],"initial_separation":130.003996,"initial_orbital_frequency":0.000275,"common_horizon_time":16380.731564}