{"sim_id":"SXS:BBH:2550","mass_ratio":4.000062,"mass1":0.800015,"mass2":0.200001,"chi_eff":0.0,"spin1":[0.0,-0.0,0.0],"spin2":[-0.0,0.0,0.0],"eccentricity":0.702034,"num_orbits":33.338227,"initial_ADM_energy":0.997689,"initial_ADM_angular_momentum":[-0.0,0.0,0.762574],"remnant_mass":0.977916,"remnant_dimensionless_spin":[0.0,-0.0,0.474972],"remnant_velocity":[-1.2e-05,0.000538,0.0],"initial_separation":55.006002,"initial_orbital_frequency":0.001485,"common_horizon_time":16935.81669}