{"sim_id":"SXS:BBH:1124","mass_ratio":0.999999,"mass1":0.498258,"mass2":0.498259,"chi_eff":0.997995,"spin1":[-0.0,0.0,0.997995],"spin2":[0.0,-0.0,0.997995],"eccentricity":0.000911,"num_orbits":23.168641,"initial_ADM_energy":0.989135,"initial_ADM_angular_momentum":[-0.000886,-0.005242,1.588548],"remnant_mass":0.88278,"remnant_dimensionless_spin":[-0.0,0.0,0.950666],"remnant_velocity":[-0.0,-0.0,0.0],"initial_separation":15.366,"initial_orbital_frequency":0.013389,"common_horizon_time":6538.06881}