{"sim_id":"SXS:BBH:2629","mass_ratio":10.000383,"mass1":0.909155,"mass2":0.090912,"chi_eff":0.000985,"spin1":[0.464257,-0.185434,0.002264],"spin2":[1e-06,2e-06,2.4e-05],"eccentricity":0.000347,"num_orbits":81.783487,"initial_ADM_energy":0.997976,"initial_ADM_angular_momentum":[0.36962,-0.183306,0.395921],"remnant_mass":0.991298,"remnant_dimensionless_spin":[0.315875,-0.167343,0.331056],"remnant_velocity":[-0.000126,-0.000261,0.000277],"initial_separation":18.427551,"initial_orbital_frequency":0.011729,"common_horizon_time":30077.71908}