{"sim_id":"SXS:BBH:4054","mass_ratio":0.99999,"mass1":0.50002,"mass2":0.500025,"chi_eff":-0.000886,"spin1":[0.519212,-0.732786,-0.309412],"spin2":[-0.678016,0.586871,0.313324],"eccentricity":0.000129,"num_orbits":29.248957,"initial_ADM_energy":0.994004,"initial_ADM_angular_momentum":[-0.055431,0.025903,1.203088],"remnant_mass":0.95015,"remnant_dimensionless_spin":[-0.030712,0.005661,0.682044],"remnant_velocity":[6.1e-05,0.001384,0.004938],"initial_separation":18.788635,"initial_orbital_frequency":0.011486,"common_horizon_time":11140.773504}