{"sim_id":"SXS:BBH:1413","mass_ratio":1.410017,"mass1":0.585064,"mass2":0.414934,"chi_eff":0.458513,"spin1":[-0.0,-0.0,0.50001],"spin2":[-0.0,-0.0,0.400002],"eccentricity":5.8e-05,"num_orbits":145.204065,"initial_ADM_energy":0.996524,"initial_ADM_angular_momentum":[-0.0,0.0,1.7173],"remnant_mass":0.937731,"remnant_dimensionless_spin":[-0.0,-0.0,0.815925],"remnant_velocity":[-1.3e-05,9.7e-05,0.0],"initial_separation":33.253906,"initial_orbital_frequency":0.00494,"common_horizon_time":114672.899032}