{"sim_id":"SXS:BBH:4020","mass_ratio":4.000338,"mass1":0.800052,"mass2":0.199996,"chi_eff":0.009874,"spin1":[0.601007,0.724405,0.127616],"spin2":[3e-06,8e-06,-2.3e-05],"eccentricity":0.000223,"num_orbits":31.463099,"initial_ADM_energy":0.995836,"initial_ADM_angular_momentum":[0.576321,0.186478,0.738478],"remnant_mass":0.972636,"remnant_dimensionless_spin":[0.454492,0.125478,0.593596],"remnant_velocity":[0.000123,-0.00031,0.001944],"initial_separation":16.794739,"initial_orbital_frequency":0.013276,"common_horizon_time":10988.094575}