{"sim_id":"SXS:BBH:3935","mass_ratio":1.999934,"mass1":0.666664,"mass2":0.333343,"chi_eff":0.0,"spin1":[-0.0,0.0,0.0],"spin2":[0.0,0.0,-0.0],"eccentricity":0.709464,"num_orbits":31.581059,"initial_ADM_energy":0.997108,"initial_ADM_angular_momentum":[0.0,0.0,1.094778],"remnant_mass":0.960838,"remnant_dimensionless_spin":[-0.0,-0.0,0.62093],"remnant_velocity":[-0.000483,-9.2e-05,0.0],"initial_separation":61.438233,"initial_orbital_frequency":0.001245,"common_horizon_time":18107.997754}