{"sim_id":"SXS:BBH:1412","mass_ratio":1.629977,"mass1":0.619769,"mass2":0.380232,"chi_eff":0.133847,"spin1":[-0.0,-0.0,0.400003],"spin2":[-0.0,0.0,-0.299981],"eccentricity":0.000468,"num_orbits":144.564225,"initial_ADM_energy":0.996639,"initial_ADM_angular_momentum":[0.0,-0.0,1.550996],"remnant_mass":0.951204,"remnant_dimensionless_spin":[-0.0,-0.0,0.734187],"remnant_velocity":[-7e-05,-0.000286,-0.0],"initial_separation":33.296692,"initial_orbital_frequency":0.004973,"common_horizon_time":115697.986765}