{"sim_id":"SXS:BBH:0304","mass_ratio":0.999997,"mass1":0.500229,"mass2":0.50023,"chi_eff":1e-06,"spin1":[0.0,0.0,0.499496],"spin2":[0.0,0.0,-0.499492],"eccentricity":6.6e-05,"num_orbits":27.411549,"initial_ADM_energy":0.994297,"initial_ADM_angular_momentum":[-0.0,0.0,1.190704],"remnant_mass":0.951851,"remnant_dimensionless_spin":[0.0,0.0,0.685549],"remnant_velocity":[-0.000694,0.000366,0.0],"initial_separation":18.2,"initial_orbital_frequency":0.012,"common_horizon_time":9929.205239}