{"sim_id":"SXS:BBH:2568","mass_ratio":10.00278,"mass1":0.909102,"mass2":0.090885,"chi_eff":0.0,"spin1":[-0.0,-0.0,-0.0],"spin2":[0.0,0.0,3e-06],"eccentricity":0.602846,"num_orbits":57.6525,"initial_ADM_energy":0.998616,"initial_ADM_angular_momentum":[0.0,-0.0,0.388924],"remnant_mass":0.991659,"remnant_dimensionless_spin":[-0.0,-0.0,0.259703],"remnant_velocity":[-0.000192,-0.000104,0.0],"initial_separation":45.003862,"initial_orbital_frequency":0.002162,"common_horizon_time":26144.12006}